Workbook

Sheet LOE Calculator
A1: Category | B1: Count | C1: Hours per Unit | D1: Total Hours | E1: Comments | F1: Phase | G1: Type
A2: Discovery - Review AD assessments | B2: 1 | C2: 6 | D2: =B2*C2 -> 6 | E2: Review existing AD assessments and inventories. | F2: Discovery & Validation | G2: Base
A3: Discovery - Validate trusts/DNS/object readiness | B3: 1 | C3: 6 | D3: =B3*C3 -> 6 | E3: Validate trusts, DNS, and object readiness across domains. | F3: Discovery & Validation | G3: Base
A4: Discovery - Trust remediation (if missing) | B4: 0 | C4: 2 | D4: =B4*C4 -> 0 | E4: All required trusts present | F4: Discovery & Validation | G4: Risk
A5: Discovery - Add target DC(s) if needed | B5: 1 | C5: 6 | D5: =B5*C5 -> 6 | E5: Target DC count=1; baseline minimum=2 | F5: Discovery & Validation | G5: Risk
A6: Design - Validate target OU readiness | B6: 1 | C6: 4 | D6: =B6*C6 -> 4 | E6: Validate poc.local OU structure, delegation, and placement for migrated objects. | F6: Design & Planning | G6: Base
A7: Design - GPO planning (review source GPOs; create new as needed) | B7: 15 | C7: 0.2 | D7: =B7*C7 -> 3 | E7: GPOs not migrated; review source GPO inventory to create required equivalents in target. | F7: Design & Planning | G7: Variable
A8: Design - User naming conflicts remediation planning | B8: 64 | C8: 0.1 | D8: =B8*C8 -> 6.4 | E8: User conflicts (excluded built-ins) drive mapping/rename decisions and communications. | F8: Design & Planning | G8: Risk
A9: Design - Group naming conflicts remediation planning | B9: 5 | C9: 0.1 | D9: =B9*C9 -> 0.5 | E9: Group name collisions: reuse existing target groups if possible; rename migrated groups as needed. | F9: Design & Planning | G9: Risk
A10: Design - Computer naming conflicts remediation planning | B10: 4 | C10: 0.1 | D10: =B10*C10 -> 0.4 | E10: Computer name collisions: pre-rename or migration rename mapping. | F10: Design & Planning | G10: Risk
A11: Migration - User migrations (source domains) | B11: 129 | C11: 0.15 | D11: =B11*C11 -> 19.35 | E11: Enabled users in source domains to migrate. | F11: Migration Execution | G11: Variable
A12: Migration - Group migrations (source domains) | B12: 168 | C12: 0.05 | D12: =B12*C12 -> 8.4 | E12: Groups in source domains to migrate as needed (reuse target where possible). | F12: Migration Execution | G12: Variable
A13: Migration - Workstation migrations (active; source domains) | B13: 40 | C13: 0.25 | D13: =B13*C13 -> 10 | E13: Active workstations in source domains to migrate. | F13: Migration Execution | G13: Variable
... A16: Post - Legacy domain decommissioning support | B16: 2 | C16: 2 | D16: =B16*C16 -> 4 | E16: Decommissioning support per legacy source domain (optional scope item). | F16: Post-Migration | G16: Base
C17: Total Hours | D17: =SUM(D2:D16) -> 83.4

Sheet LOE by Phase
A1: LOE by Phase (SOW-Aligned)
A3: Phase | B3: Base Hours | C3: Variable Hours | D3: Risk Adders | E3: Total Hours | F3: Notes / Drivers
A4: Discovery & Validation | B4: 8 | C4: =SUMIFS('LOE Calculator'!$D:$D,'LOE Calculator'!$F:$F,$A4,'LOE Calculator'!$G:$G,"Variable") -> 0 | D4: =SUMIFS('LOE Calculator'!$D:$D,'LOE Calculator'!$F:$F,$A4,'LOE Calculator'!$G:$G,"Risk") -> 6 | E4: =SUM(B4:D4) -> 14 | F4: Derived from LOE Calculator (Phase + Type) to avoid mismatches
A5: Design & Planning | B5: 8 | C5: =SUMIFS('LOE Calculator'!$D:$D,'LOE Calculator'!$F:$F,$A5,'LOE Calculator'!$G:$G,"Variable") -> 3 | D5: =SUMIFS('LOE Calculator'!$D:$D,'LOE Calculator'!$F:$F,$A5,'LOE Calculator'!$G:$G,"Risk") -> 7.3 | E5: =SUM(B5:D5) -> 18.3 | F5: Update counts in LOE Calculator; phases update automatically
A6: Migration Execution | B6: =SUMIFS('LOE Calculator'!$D:$D,'LOE Calculator'!$F:$F,$A6,'LOE Calculator'!$G:$G,"Base") -> 0 | C6: =SUMIFS('LOE Calculator'!$D:$D,'LOE Calculator'!$F:$F,$A6,'LOE Calculator'!$G:$G,"Variable") -> 38.65 | D6: =SUMIFS('LOE Calculator'!$D:$D,'LOE Calculator'!$F:$F,$A6,'LOE Calculator'!$G:$G,"Risk") -> 0 | E6: =SUM(B6:D6) -> 38.65 | F6: User/group/device migrations; pilot + waves
A7: Post-Migration | B7: =SUMIFS('LOE Calculator'!$D:$D,'LOE Calculator'!$F:$F,$A7,'LOE Calculator'!$G:$G,"Base") -> 4 | C7: =SUMIFS('LOE Calculator'!$D:$D,'LOE Calculator'!$F:$F,$A7,'LOE Calculator'!$G:$G,"Variable") -> 8.45 | D7: =SUMIFS('LOE Calculator'!$D:$D,'LOE Calculator'!$F:$F,$A7,'LOE Calculator'!$G:$G,"Risk") -> 0 | E7: =SUM(B7:D7) -> 12.45 | F7: Access validation; issue remediation; legacy domain decommissioning support
A8: TOTAL | B8: =SUM(B4:B7) -> 20 | C8: =SUM(C4:C7) -> 50.1 | D8: =SUM(D4:D7) -> 13.3 | E8: =SUM(E4:E7) -> 83.4
A10: Pricing
A11: T&M Rate ($/hr) | B11: 0
A12: Fixed Fee Multiplier | B12: 1.15
A13: T&M Estimated Cost | B13: =E8*B11 -> 0
A14: Fixed Fee Price | B14: =E8*B11*B12 -> 0

Sheet Executive Summary
A1: Executive LOE Summary (for SOW)
A3: Project / Customer | B3: TBD
A4: Target Domain | B4: POC (poc.local)
A5: Source Domains | B5: LIGHTHOUSE (lighthouseoptics.local), ROSSOPTICALINDU (rossoptical.local)
A6: Report Date | B6: 2026-01-09
A8: Environment Snapshot | D8: LOE Summary
A9: Metric | B9: Value | D9: Phase | E9: Hours
A10: Enabled Users | B10: 233 | D10: Discovery & Validation | E10: ='LOE by Phase'!E4 -> 14
A11: Active Workstations | B11: 120 | D11: Design & Planning | E11: ='LOE by Phase'!E5 -> 18.3
A12: Servers | B12: 13 | D12: Migration Execution | E12: ='LOE by Phase'!E6 -> 38.65
A13: Total Groups | B13: 320 | D13: Post-Migration | E13: ='LOE by Phase'!E7 -> 12.45
A14: Target DCs | B14: 1 | D14: TOTAL | E14: ='LOE by Phase'!E8 -> 83.4
A15: Additional DCs Needed | B15: 1
A16: Missing Trusts (count) | B16: 0 | D16: Estimated Pricing
A17: User Conflicts | B17: 64 | D17: T&M Rate ($/hr) | E17: ='LOE by Phase'!B11 -> 0
A18: Group Conflicts | B18: 5 | D18: T&M Estimated Cost | E18: ='LOE by Phase'!B13 -> 0
A19: Computer Conflicts | B19: 4 | D19: Fixed Fee Multiplier | E19: ='LOE by Phase'!B12 -> 1.15
A20: Conflict Adder Hours | B20: 7.3 | D20: Fixed Fee Price | E20: ='LOE by Phase'!B14 -> 0
A22: Environment Snapshot (by Domain)
A23: Prefix | B23: Domain | C23: Enabled Users | D23: Active Workstations | E23: Servers | F23: Groups | G23: DCs | H23: GPOs | I23: Role
A24: LIGHTHOUSE | B24: lighthouseoptics.local | C24: 86 | D24: 18 | E24: 3 | F24: 112 | G24: 1 | H24: 9 | I24: Source
A25: POC | B25: poc.local | C25: 104 | D25: 80 | E25: 4 | F25: 152 | G25: 1 | H25: 4 | I25: Target
A26: ROSSOPTICALINDU | B26: rossoptical.local | C26: 43 | D26: 22 | E26: 6 | F26: 56 | G26: 1 | H26: 6 | I26: Source
A27: TOTAL | C27: 233 | D27: 120 | E27: 13 | F27: 320
A29: Key Assumptions / Notes
A30: • Target domain exists; UPN suffix standardized in target. • GPO approach: create new GPOs as needed (inventory used for planning). • Trusts must exist prior to migration (flagged if missing). • Naming conflicts add remediation effort.

Sheet Infra & Readiness
A1: Prefix | B1: DomainFqdn | C1: IsTarget | D1: DCCount | E1: MeetsMinTargetDCs | F1: AdditionalDCsNeeded | G1: SourceGPOCount | H1: TargetHasTrustToDomain | I1: Notes
A2: LIGHTHOUSE | B2: lighthouseoptics.local | C2: FALSE | D2: 1 | G2: 9 | H2: TRUE | I2: Trust exists to target.
A3: POC | B3: poc.local | C3: TRUE | D3: 1 | E3: FALSE | F3: 1 | G3: 4 | I3: Recommend adding 1 DC(s) to meet baseline resiliency.
A4: ROSSOPTICALINDU | B4: rossoptical.local | C4: FALSE | D4: 1 | G4: 6 | H4: TRUE | I4: Trust exists to target.

Sheet Name Conflicts
A1: Name Conflicts (Source â†’ Target)
A2: Target: | B2: POC (poc.local)
A3: Generated: | B3: 2026-01-13 16:34:17
A4: Summary: | B4: Detected 64 user naming conflicts; Detected 5 group naming conflicts; Detected 4 computer naming conflicts; add ~7.3 hrs for conflict remediation/communication.
A6: User Conflicts (sAMAccountName and/or UPN local-part)
A7: SourcePrefix | B7: SourceDomain | C7: ConflictType | D7: sAMAccountName | E7: UserPrincipalName | F7: RecommendedAction
A8: LIGHTHOUSE | B8: lighthouseoptics.local | C8: sAMAccountName + UPN local-part | D8: ConferenceRoom | E8: ConferenceRoom@lighthouseoptics.local | F8: Rename or map to existing target identity; confirm with business owner
A9: LIGHTHOUSE | B9: lighthouseoptics.local | C9: sAMAccountName + UPN local-part | D9: mskelton | E9: mskelton@lighthouseoptics.local | F9: Rename or map to existing target identity; confirm with business owner
A10: LIGHTHOUSE | B10: lighthouseoptics.local | C10: sAMAccountName + UPN local-part | D10: dbennis | E10: dbennis@lighthouseoptics.local | F10: Rename or map to existing target identity; confirm with business owner
A11: LIGHTHOUSE | B11: lighthouseoptics.local | C11: sAMAccountName + UPN local-part | D11: wdionne | E11: wdionne@lighthouseoptics.local | F11: Rename or map to existing target identity; confirm with business owner
A12: LIGHTHOUSE | B12: lighthouseoptics.local | C12: sAMAccountName + UPN local-part | D12: KClifford | E12: KClifford@lighthouseoptics.local | F12: Rename or map to existing target identity; confirm with business owner
A13: LIGHTHOUSE | B13: lighthouseoptics.local | C13: sAMAccountName + UPN local-part | D13: ahowell | E13: ahowell@lighthouseoptics.local | F13: Rename or map to existing target identity; confirm with business owner
A14: LIGHTHOUSE | B14: lighthouseoptics.local | C14: sAMAccountName + UPN local-part | D14: jlenentine | E14: jlenentine@lighthouseoptics.local | F14: Rename or map to existing target identity; confirm with business owner
A15: LIGHTHOUSE | B15: lighthouseoptics.local | C15: sAMAccountName + UPN local-part | D15: djacques | E15: djacques@lighthouseoptics.local | F15: Rename or map to existing target identity; confirm with business owner
A16: LIGHTHOUSE | B16: lighthouseoptics.local | C16: sAMAccountName + UPN local-part | D16: tmoore | E16: tmoore@lighthouseoptics.local | F16: Rename or map to existing target identity; confirm with business owner
A17: LIGHTHOUSE | B17: lighthouseoptics.local | C17: sAMAccountName + UPN local-part | D17: hhodges | E17: hhodges@lighthouseoptics.local | F17: Rename or map to existing target identity; confirm with business owner
A18: LIGHTHOUSE | B18: lighthouseoptics.local | C18: sAMAccountName + UPN local-part | D18: 1ntAdmin | E18: 1ntAdmin@lighthouseoptics.local | F18: Rename or map to existing target identity; confirm with business owner
... A71: ROSSOPTICALINDU | B71: rossoptical.local | C71: sAMAccountName + UPN local-part | D71: plagana_zz | E71: plagana_zz@rossoptical.local | F71: Rename or map to existing target identity; confirm with business owner
A74: Group Conflicts (name collisions)
A75: SourcePrefix | B75: SourceDomain | C75: GroupName | D75: RecommendedAction
A76: LIGHTHOUSE | B76: lighthouseoptics.local | C76: Sales | D76: Reuse existing target group if equivalent; otherwise rename migrated group
A77: LIGHTHOUSE | B77: lighthouseoptics.local | C77: Purchasing | D77: Reuse existing target group if equivalent; otherwise rename migrated group
A78: LIGHTHOUSE | B78: lighthouseoptics.local | C78: Shipping | D78: Reuse existing target group if equivalent; otherwise rename migrated group
A79: LIGHTHOUSE | B79: lighthouseoptics.local | C79: SSLVPN | D79: Reuse existing target group if equivalent; otherwise rename migrated group
A80: LIGHTHOUSE | B80: lighthouseoptics.local | C80: EPDM Users | D80: Reuse existing target group if equivalent; otherwise rename migrated group
A83: Computer Conflicts (name collisions)
A84: SourcePrefix | B84: SourceDomain | C84: ComputerName | D84: RecommendedAction
A85: LIGHTHOUSE | B85: lighthouseoptics.local | C85: POC-LT-42 | D85: Rename device prior to domain move or apply migration rename mapping
A86: LIGHTHOUSE | B86: lighthouseoptics.local | C86: POC-DERVISH-01 | D86: Rename device prior to domain move or apply migration rename mapping
A87: LIGHTHOUSE | B87: lighthouseoptics.local | C87: POC-LT-24 | D87: Rename device prior to domain move or apply migration rename mapping
A88: LIGHTHOUSE | B88: lighthouseoptics.local | C88: POC-DERVISH-04 | D88: Rename device prior to domain move or apply migration rename mapping

Sheet Assumptions
A1: LOE Assumptions (generated by automation)
A2: Generated: | B2: 2026-01-13 16:34:17
A3: Audit CSV: | B3: C:\Users\paull\OneDrive - Lagana Consulting\scripts\LOE calculator\outputs\PrecisionOptics_AD_Migration_LOE_Audit_20260113_163416.csv
A5: - Target domain is existing (poc.local). Name collisions expected; UPN suffix standardized (@poc.local).
A6: - Target DC baseline: minimum 2 DCs. Target currently reports 1 DC(s).
A7: - GPO strategy: do not migrate GPOs; create new GPOs as required. Source GPO inventory used for planning only.
A8: - Trust readiness: trusts should exist between target and each source domain before ADMT-style migrations.
A9: - Users count = enabled users. Active workstations = enabled non-server OS with Logon within 30 days of ReportDate (2026-01-09).
A10: - Servers = computers where OperatingSystem contains 'Server' (identity-only unless otherwise scoped).
A11: - Naming conflicts are derived from sourceâ†’target comparisons: user sAMAccountName + UPN local-part; group and computer names.
A12: - Conflict remediation LOE adders: user=0.1h, group=0.1h, computer=0.1h. Current add=~7.3h.
A13: - Audit CSV is generated each run for traceability.
